time_bin,motes_present,motes_missing,missing_pct,missing_ids
0,53,1,1.8518518518518519,5
1,53,1,1.8518518518518519,5
2,53,1,1.8518518518518519,49
3,53,1,1.8518518518518519,5
4,51,3,5.555555555555555,"5,17,49"
5,54,0,0.0,
6,53,1,1.8518518518518519,5
7,53,1,1.8518518518518519,5
8,54,0,0.0,
9,52,2,3.7037037037037037,"5,49"
10,52,2,3.7037037037037037,"5,49"
11,52,2,3.7037037037037037,"5,15"
12,52,2,3.7037037037037037,"5,15"
13,51,3,5.555555555555555,"5,15,49"
14,52,2,3.7037037037037037,"5,15"
15,51,3,5.555555555555555,"5,15,49"
16,51,3,5.555555555555555,"5,15,49"
17,52,2,3.7037037037037037,"15,49"
18,53,1,1.8518518518518519,5
19,53,1,1.8518518518518519,5
20,53,1,1.8518518518518519,5
21,53,1,1.8518518518518519,5
22,53,1,1.8518518518518519,5
23,53,1,1.8518518518518519,5
24,53,1,1.8518518518518519,15
25,52,2,3.7037037037037037,"5,15"
26,52,2,3.7037037037037037,"5,15"
27,52,2,3.7037037037037037,"5,15"
28,54,0,0.0,
29,53,1,1.8518518518518519,5
30,53,1,1.8518518518518519,5
31,54,0,0.0,
32,53,1,1.8518518518518519,5
33,53,1,1.8518518518518519,5
34,53,1,1.8518518518518519,5
35,53,1,1.8518518518518519,5
36,53,1,1.8518518518518519,5
37,53,1,1.8518518518518519,5
38,53,1,1.8518518518518519,5
39,53,1,1.8518518518518519,5
40,54,0,0.0,
41,53,1,1.8518518518518519,5
42,53,1,1.8518518518518519,5
43,53,1,1.8518518518518519,5
44,53,1,1.8518518518518519,5
45,53,1,1.8518518518518519,5
46,53,1,1.8518518518518519,5
47,53,1,1.8518518518518519,5
48,53,1,1.8518518518518519,5
49,54,0,0.0,
50,53,1,1.8518518518518519,5
51,53,1,1.8518518518518519,5
52,53,1,1.8518518518518519,5
53,53,1,1.8518518518518519,5
54,53,1,1.8518518518518519,5
55,54,0,0.0,
56,54,0,0.0,
57,53,1,1.8518518518518519,5
58,54,0,0.0,
59,53,1,1.8518518518518519,5
60,53,1,1.8518518518518519,5
61,54,0,0.0,
62,53,1,1.8518518518518519,5
63,53,1,1.8518518518518519,5
64,53,1,1.8518518518518519,5
65,53,1,1.8518518518518519,5
66,53,1,1.8518518518518519,5
67,53,1,1.8518518518518519,5
68,53,1,1.8518518518518519,5
69,53,1,1.8518518518518519,5
70,53,1,1.8518518518518519,5
71,53,1,1.8518518518518519,5
72,53,1,1.8518518518518519,5
73,53,1,1.8518518518518519,5
74,54,0,0.0,
75,53,1,1.8518518518518519,5
76,53,1,1.8518518518518519,5
77,53,1,1.8518518518518519,5
78,53,1,1.8518518518518519,5
79,53,1,1.8518518518518519,5
80,53,1,1.8518518518518519,5
81,53,1,1.8518518518518519,5
82,53,1,1.8518518518518519,5
83,53,1,1.8518518518518519,5
84,53,1,1.8518518518518519,5
85,53,1,1.8518518518518519,5
86,53,1,1.8518518518518519,5
87,52,2,3.7037037037037037,"5,15"
88,52,2,3.7037037037037037,"5,15"
89,53,1,1.8518518518518519,5
90,53,1,1.8518518518518519,5
91,53,1,1.8518518518518519,15
92,52,2,3.7037037037037037,"5,15"
93,53,1,1.8518518518518519,15
94,52,2,3.7037037037037037,"5,15"
95,52,2,3.7037037037037037,"5,15"
96,52,2,3.7037037037037037,"5,15"
97,52,2,3.7037037037037037,"5,15"
98,53,1,1.8518518518518519,15
99,52,2,3.7037037037037037,"5,15"
100,53,1,1.8518518518518519,15
101,52,2,3.7037037037037037,"5,15"
102,52,2,3.7037037037037037,"5,15"
103,52,2,3.7037037037037037,"5,15"
104,52,2,3.7037037037037037,"5,15"
105,53,1,1.8518518518518519,15
106,52,2,3.7037037037037037,"5,15"
107,52,2,3.7037037037037037,"5,15"
108,53,1,1.8518518518518519,15
109,52,2,3.7037037037037037,"5,15"
110,52,2,3.7037037037037037,"5,15"
111,52,2,3.7037037037037037,"5,15"
112,52,2,3.7037037037037037,"5,15"
113,52,2,3.7037037037037037,"5,15"
114,53,1,1.8518518518518519,5
115,53,1,1.8518518518518519,5
116,53,1,1.8518518518518519,5
117,53,1,1.8518518518518519,5
118,53,1,1.8518518518518519,5
119,52,2,3.7037037037037037,"5,15"
120,52,2,3.7037037037037037,"5,15"
121,53,1,1.8518518518518519,5
122,53,1,1.8518518518518519,5
123,53,1,1.8518518518518519,5
124,53,1,1.8518518518518519,5
125,53,1,1.8518518518518519,5
126,54,0,0.0,
127,53,1,1.8518518518518519,5
128,54,0,0.0,
129,53,1,1.8518518518518519,5
130,53,1,1.8518518518518519,5
131,54,0,0.0,
132,53,1,1.8518518518518519,5
133,53,1,1.8518518518518519,5
134,53,1,1.8518518518518519,5
135,52,2,3.7037037037037037,"5,15"
136,53,1,1.8518518518518519,5
137,53,1,1.8518518518518519,5
138,53,1,1.8518518518518519,5
139,53,1,1.8518518518518519,5
140,53,1,1.8518518518518519,5
141,52,2,3.7037037037037037,"5,15"
142,52,2,3.7037037037037037,"5,15"
143,52,2,3.7037037037037037,"5,15"
144,52,2,3.7037037037037037,"5,15"
145,52,2,3.7037037037037037,"5,15"
146,52,2,3.7037037037037037,"5,15"
147,52,2,3.7037037037037037,"5,15"
148,52,2,3.7037037037037037,"5,15"
149,52,2,3.7037037037037037,"5,15"
150,52,2,3.7037037037037037,"5,15"
151,52,2,3.7037037037037037,"5,15"
152,52,2,3.7037037037037037,"5,15"
153,52,2,3.7037037037037037,"5,15"
154,52,2,3.7037037037037037,"5,15"
155,52,2,3.7037037037037037,"5,15"
156,53,1,1.8518518518518519,15
157,54,0,0.0,
158,53,1,1.8518518518518519,5
159,53,1,1.8518518518518519,5
160,53,1,1.8518518518518519,5
161,53,1,1.8518518518518519,5
162,53,1,1.8518518518518519,5
163,52,2,3.7037037037037037,"5,15"
164,52,2,3.7037037037037037,"5,15"
165,54,0,0.0,
166,53,1,1.8518518518518519,5
167,52,2,3.7037037037037037,"5,15"
168,53,1,1.8518518518518519,5
169,53,1,1.8518518518518519,5
170,52,2,3.7037037037037037,"5,15"
171,53,1,1.8518518518518519,15
172,52,2,3.7037037037037037,"5,15"
173,52,2,3.7037037037037037,"5,15"
174,52,2,3.7037037037037037,"5,15"
175,52,2,3.7037037037037037,"5,15"
176,52,2,3.7037037037037037,"5,15"
177,52,2,3.7037037037037037,"5,15"
178,52,2,3.7037037037037037,"5,15"
179,52,2,3.7037037037037037,"5,15"
180,52,2,3.7037037037037037,"5,15"
181,52,2,3.7037037037037037,"5,15"
182,52,2,3.7037037037037037,"5,15"
183,52,2,3.7037037037037037,"5,15"
184,52,2,3.7037037037037037,"5,15"
185,52,2,3.7037037037037037,"5,15"
186,53,1,1.8518518518518519,15
187,53,1,1.8518518518518519,15
188,52,2,3.7037037037037037,"5,15"
189,52,2,3.7037037037037037,"5,15"
190,52,2,3.7037037037037037,"5,15"
191,52,2,3.7037037037037037,"5,15"
192,52,2,3.7037037037037037,"5,15"
193,52,2,3.7037037037037037,"5,15"
194,53,1,1.8518518518518519,15
195,52,2,3.7037037037037037,"5,15"
196,52,2,3.7037037037037037,"5,15"
197,52,2,3.7037037037037037,"5,15"
198,52,2,3.7037037037037037,"5,15"
199,53,1,1.8518518518518519,15
200,52,2,3.7037037037037037,"5,15"
201,52,2,3.7037037037037037,"5,15"
202,52,2,3.7037037037037037,"5,15"
203,53,1,1.8518518518518519,15
204,52,2,3.7037037037037037,"5,15"
205,52,2,3.7037037037037037,"5,15"
206,52,2,3.7037037037037037,"5,15"
207,52,2,3.7037037037037037,"5,15"
208,52,2,3.7037037037037037,"5,15"
209,52,2,3.7037037037037037,"5,15"
210,52,2,3.7037037037037037,"5,15"
211,52,2,3.7037037037037037,"5,15"
212,52,2,3.7037037037037037,"5,15"
213,52,2,3.7037037037037037,"5,15"
214,53,1,1.8518518518518519,5
215,53,1,1.8518518518518519,5
216,53,1,1.8518518518518519,5
217,53,1,1.8518518518518519,5
218,53,1,1.8518518518518519,5
219,53,1,1.8518518518518519,5
220,53,1,1.8518518518518519,5
221,53,1,1.8518518518518519,5
222,53,1,1.8518518518518519,5
223,53,1,1.8518518518518519,5
224,54,0,0.0,
225,53,1,1.8518518518518519,5
226,52,2,3.7037037037037037,"5,15"
227,52,2,3.7037037037037037,"5,15"
228,52,2,3.7037037037037037,"5,15"
229,52,2,3.7037037037037037,"5,15"
230,52,2,3.7037037037037037,"5,15"
231,52,2,3.7037037037037037,"5,15"
232,52,2,3.7037037037037037,"5,15"
233,52,2,3.7037037037037037,"5,15"
234,52,2,3.7037037037037037,"5,15"
235,52,2,3.7037037037037037,"5,15"
236,52,2,3.7037037037037037,"5,15"
237,52,2,3.7037037037037037,"5,15"
238,52,2,3.7037037037037037,"5,15"
239,52,2,3.7037037037037037,"5,15"
240,52,2,3.7037037037037037,"5,15"
241,52,2,3.7037037037037037,"5,15"
242,52,2,3.7037037037037037,"5,15"
243,52,2,3.7037037037037037,"5,15"
244,52,2,3.7037037037037037,"5,15"
245,52,2,3.7037037037037037,"5,15"
246,52,2,3.7037037037037037,"5,15"
247,52,2,3.7037037037037037,"5,15"
248,52,2,3.7037037037037037,"5,15"
249,52,2,3.7037037037037037,"5,15"
250,52,2,3.7037037037037037,"5,15"
251,52,2,3.7037037037037037,"5,15"
252,52,2,3.7037037037037037,"5,15"
253,52,2,3.7037037037037037,"5,15"
254,52,2,3.7037037037037037,"5,15"
255,52,2,3.7037037037037037,"5,15"
256,52,2,3.7037037037037037,"5,15"
257,52,2,3.7037037037037037,"5,15"
258,52,2,3.7037037037037037,"5,15"
259,52,2,3.7037037037037037,"5,15"
260,52,2,3.7037037037037037,"5,15"
261,52,2,3.7037037037037037,"5,15"
262,52,2,3.7037037037037037,"5,15"
263,52,2,3.7037037037037037,"5,15"
264,52,2,3.7037037037037037,"5,15"
265,52,2,3.7037037037037037,"5,15"
266,52,2,3.7037037037037037,"5,15"
267,52,2,3.7037037037037037,"5,15"
268,52,2,3.7037037037037037,"5,15"
269,52,2,3.7037037037037037,"5,15"
270,52,2,3.7037037037037037,"5,15"
271,52,2,3.7037037037037037,"5,15"
272,52,2,3.7037037037037037,"5,15"
273,52,2,3.7037037037037037,"5,15"
274,52,2,3.7037037037037037,"5,15"
275,52,2,3.7037037037037037,"5,15"
276,52,2,3.7037037037037037,"5,15"
277,52,2,3.7037037037037037,"5,15"
278,52,2,3.7037037037037037,"5,15"
279,52,2,3.7037037037037037,"5,15"
280,52,2,3.7037037037037037,"5,15"
281,52,2,3.7037037037037037,"5,15"
282,52,2,3.7037037037037037,"5,15"
283,52,2,3.7037037037037037,"5,15"
284,52,2,3.7037037037037037,"5,15"
285,52,2,3.7037037037037037,"5,15"
286,52,2,3.7037037037037037,"5,15"
287,52,2,3.7037037037037037,"5,15"
288,52,2,3.7037037037037037,"5,15"
289,52,2,3.7037037037037037,"5,15"
290,52,2,3.7037037037037037,"5,15"
291,52,2,3.7037037037037037,"5,15"
292,52,2,3.7037037037037037,"5,15"
293,52,2,3.7037037037037037,"5,15"
294,52,2,3.7037037037037037,"5,15"
295,52,2,3.7037037037037037,"5,15"
296,52,2,3.7037037037037037,"5,15"
297,52,2,3.7037037037037037,"5,15"
298,52,2,3.7037037037037037,"5,15"
299,52,2,3.7037037037037037,"5,15"
300,52,2,3.7037037037037037,"5,15"
301,51,3,5.555555555555555,"5,15,24"
302,52,2,3.7037037037037037,"5,15"
303,52,2,3.7037037037037037,"5,15"
304,52,2,3.7037037037037037,"5,15"
305,52,2,3.7037037037037037,"5,15"
306,52,2,3.7037037037037037,"5,15"
307,52,2,3.7037037037037037,"5,15"
308,52,2,3.7037037037037037,"5,15"
309,52,2,3.7037037037037037,"5,15"
310,52,2,3.7037037037037037,"5,15"
311,52,2,3.7037037037037037,"5,15"
312,52,2,3.7037037037037037,"5,15"
313,52,2,3.7037037037037037,"5,15"
314,52,2,3.7037037037037037,"5,15"
315,52,2,3.7037037037037037,"5,15"
316,52,2,3.7037037037037037,"5,15"
317,52,2,3.7037037037037037,"5,15"
318,52,2,3.7037037037037037,"5,15"
319,52,2,3.7037037037037037,"5,15"
320,52,2,3.7037037037037037,"5,15"
321,52,2,3.7037037037037037,"5,15"
322,52,2,3.7037037037037037,"5,15"
323,52,2,3.7037037037037037,"5,15"
324,52,2,3.7037037037037037,"5,15"
325,52,2,3.7037037037037037,"5,15"
326,52,2,3.7037037037037037,"5,15"
327,52,2,3.7037037037037037,"5,15"
328,52,2,3.7037037037037037,"5,15"
329,52,2,3.7037037037037037,"5,15"
330,52,2,3.7037037037037037,"5,15"
331,52,2,3.7037037037037037,"5,15"
332,52,2,3.7037037037037037,"5,15"
333,52,2,3.7037037037037037,"5,15"
334,52,2,3.7037037037037037,"5,15"
335,52,2,3.7037037037037037,"5,15"
336,52,2,3.7037037037037037,"5,15"
337,52,2,3.7037037037037037,"5,15"
338,52,2,3.7037037037037037,"5,15"
339,52,2,3.7037037037037037,"5,15"
340,52,2,3.7037037037037037,"5,15"
341,52,2,3.7037037037037037,"5,15"
342,52,2,3.7037037037037037,"5,15"
343,52,2,3.7037037037037037,"5,15"
344,52,2,3.7037037037037037,"5,15"
345,52,2,3.7037037037037037,"5,15"
346,52,2,3.7037037037037037,"5,15"
347,52,2,3.7037037037037037,"5,15"
348,52,2,3.7037037037037037,"5,15"
349,52,2,3.7037037037037037,"5,15"
350,52,2,3.7037037037037037,"5,15"
351,52,2,3.7037037037037037,"5,15"
352,52,2,3.7037037037037037,"5,15"
353,52,2,3.7037037037037037,"5,15"
354,52,2,3.7037037037037037,"5,15"
355,52,2,3.7037037037037037,"5,15"
356,52,2,3.7037037037037037,"5,15"
357,52,2,3.7037037037037037,"5,15"
358,52,2,3.7037037037037037,"5,15"
359,52,2,3.7037037037037037,"5,15"
360,52,2,3.7037037037037037,"5,15"
361,52,2,3.7037037037037037,"5,15"
362,52,2,3.7037037037037037,"5,15"
363,52,2,3.7037037037037037,"5,15"
364,52,2,3.7037037037037037,"5,15"
365,52,2,3.7037037037037037,"5,15"
366,52,2,3.7037037037037037,"5,15"
367,52,2,3.7037037037037037,"5,15"
368,52,2,3.7037037037037037,"5,15"
369,52,2,3.7037037037037037,"5,15"
370,52,2,3.7037037037037037,"5,15"
371,52,2,3.7037037037037037,"5,15"
372,52,2,3.7037037037037037,"5,15"
373,52,2,3.7037037037037037,"5,15"
374,52,2,3.7037037037037037,"5,15"
375,52,2,3.7037037037037037,"5,15"
376,52,2,3.7037037037037037,"5,15"
377,52,2,3.7037037037037037,"5,15"
378,52,2,3.7037037037037037,"5,15"
379,52,2,3.7037037037037037,"5,15"
380,52,2,3.7037037037037037,"5,15"
381,52,2,3.7037037037037037,"5,15"
382,52,2,3.7037037037037037,"5,15"
383,52,2,3.7037037037037037,"5,15"
384,52,2,3.7037037037037037,"5,15"
385,52,2,3.7037037037037037,"5,15"
386,52,2,3.7037037037037037,"5,15"
387,52,2,3.7037037037037037,"5,15"
388,52,2,3.7037037037037037,"5,15"
389,52,2,3.7037037037037037,"5,15"
390,52,2,3.7037037037037037,"5,15"
391,52,2,3.7037037037037037,"5,15"
392,52,2,3.7037037037037037,"5,15"
393,52,2,3.7037037037037037,"5,15"
394,52,2,3.7037037037037037,"5,15"
395,52,2,3.7037037037037037,"5,15"
396,52,2,3.7037037037037037,"5,15"
397,52,2,3.7037037037037037,"5,15"
398,52,2,3.7037037037037037,"5,15"
399,52,2,3.7037037037037037,"5,15"
400,52,2,3.7037037037037037,"5,15"
401,52,2,3.7037037037037037,"5,15"
402,52,2,3.7037037037037037,"5,15"
403,52,2,3.7037037037037037,"5,15"
404,52,2,3.7037037037037037,"5,15"
405,52,2,3.7037037037037037,"5,15"
406,52,2,3.7037037037037037,"5,15"
407,52,2,3.7037037037037037,"5,15"
408,52,2,3.7037037037037037,"5,15"
409,52,2,3.7037037037037037,"5,15"
410,52,2,3.7037037037037037,"5,15"
411,52,2,3.7037037037037037,"5,15"
412,52,2,3.7037037037037037,"5,15"
413,52,2,3.7037037037037037,"5,15"
414,52,2,3.7037037037037037,"5,15"
415,52,2,3.7037037037037037,"5,15"
416,52,2,3.7037037037037037,"5,15"
417,52,2,3.7037037037037037,"5,15"
418,52,2,3.7037037037037037,"5,15"
419,52,2,3.7037037037037037,"5,15"
420,52,2,3.7037037037037037,"5,15"
421,52,2,3.7037037037037037,"5,15"
422,52,2,3.7037037037037037,"5,15"
423,52,2,3.7037037037037037,"5,15"
424,52,2,3.7037037037037037,"5,15"
425,52,2,3.7037037037037037,"5,15"
426,52,2,3.7037037037037037,"5,15"
427,52,2,3.7037037037037037,"5,15"
428,52,2,3.7037037037037037,"5,15"
429,52,2,3.7037037037037037,"5,15"
430,52,2,3.7037037037037037,"5,15"
431,52,2,3.7037037037037037,"5,15"
432,52,2,3.7037037037037037,"5,15"
433,52,2,3.7037037037037037,"5,15"
434,52,2,3.7037037037037037,"5,15"
435,52,2,3.7037037037037037,"5,15"
436,52,2,3.7037037037037037,"5,15"
437,52,2,3.7037037037037037,"5,15"
438,52,2,3.7037037037037037,"5,15"
439,52,2,3.7037037037037037,"5,15"
440,52,2,3.7037037037037037,"5,15"
441,52,2,3.7037037037037037,"5,15"
442,52,2,3.7037037037037037,"5,15"
443,52,2,3.7037037037037037,"5,15"
444,52,2,3.7037037037037037,"5,15"
445,52,2,3.7037037037037037,"5,15"
446,52,2,3.7037037037037037,"5,15"
447,52,2,3.7037037037037037,"5,15"
448,52,2,3.7037037037037037,"5,15"
449,52,2,3.7037037037037037,"5,15"
450,52,2,3.7037037037037037,"5,15"
451,52,2,3.7037037037037037,"5,15"
452,52,2,3.7037037037037037,"5,15"
453,52,2,3.7037037037037037,"5,15"
454,52,2,3.7037037037037037,"5,15"
455,52,2,3.7037037037037037,"5,15"
456,52,2,3.7037037037037037,"5,15"
457,52,2,3.7037037037037037,"5,15"
458,52,2,3.7037037037037037,"5,15"
459,52,2,3.7037037037037037,"5,15"
460,52,2,3.7037037037037037,"5,15"
461,52,2,3.7037037037037037,"5,15"
462,52,2,3.7037037037037037,"5,15"
463,52,2,3.7037037037037037,"5,15"
464,52,2,3.7037037037037037,"5,15"
465,52,2,3.7037037037037037,"5,15"
466,52,2,3.7037037037037037,"5,15"
467,52,2,3.7037037037037037,"5,15"
468,52,2,3.7037037037037037,"5,15"
469,52,2,3.7037037037037037,"5,15"
470,52,2,3.7037037037037037,"5,15"
471,52,2,3.7037037037037037,"5,15"
472,52,2,3.7037037037037037,"5,15"
473,52,2,3.7037037037037037,"5,15"
474,52,2,3.7037037037037037,"5,15"
475,52,2,3.7037037037037037,"5,15"
476,52,2,3.7037037037037037,"5,15"
477,52,2,3.7037037037037037,"5,15"
478,52,2,3.7037037037037037,"5,15"
479,52,2,3.7037037037037037,"5,15"
480,52,2,3.7037037037037037,"5,15"
481,52,2,3.7037037037037037,"5,15"
482,52,2,3.7037037037037037,"5,15"
483,52,2,3.7037037037037037,"5,15"
484,52,2,3.7037037037037037,"5,15"
485,52,2,3.7037037037037037,"5,15"
486,52,2,3.7037037037037037,"5,15"
487,52,2,3.7037037037037037,"5,15"
488,52,2,3.7037037037037037,"5,15"
489,52,2,3.7037037037037037,"5,15"
490,52,2,3.7037037037037037,"5,15"
491,52,2,3.7037037037037037,"5,15"
492,52,2,3.7037037037037037,"5,15"
493,52,2,3.7037037037037037,"5,15"
494,52,2,3.7037037037037037,"5,15"
495,52,2,3.7037037037037037,"5,15"
496,52,2,3.7037037037037037,"5,15"
497,52,2,3.7037037037037037,"5,15"
498,52,2,3.7037037037037037,"5,15"
499,52,2,3.7037037037037037,"5,15"
500,52,2,3.7037037037037037,"5,15"
501,52,2,3.7037037037037037,"5,15"
502,52,2,3.7037037037037037,"5,15"
503,52,2,3.7037037037037037,"5,15"
504,52,2,3.7037037037037037,"5,15"
505,52,2,3.7037037037037037,"5,15"
506,52,2,3.7037037037037037,"5,15"
507,52,2,3.7037037037037037,"5,15"
508,52,2,3.7037037037037037,"5,15"
509,52,2,3.7037037037037037,"5,15"
510,52,2,3.7037037037037037,"5,15"
511,52,2,3.7037037037037037,"5,15"
512,52,2,3.7037037037037037,"5,15"
513,52,2,3.7037037037037037,"5,15"
514,52,2,3.7037037037037037,"5,15"
515,52,2,3.7037037037037037,"5,15"
516,52,2,3.7037037037037037,"5,15"
517,52,2,3.7037037037037037,"5,15"
518,52,2,3.7037037037037037,"5,15"
519,52,2,3.7037037037037037,"5,15"
520,52,2,3.7037037037037037,"5,15"
521,52,2,3.7037037037037037,"5,15"
522,52,2,3.7037037037037037,"5,15"
523,52,2,3.7037037037037037,"5,15"
524,52,2,3.7037037037037037,"5,15"
525,52,2,3.7037037037037037,"5,15"
526,52,2,3.7037037037037037,"5,15"
527,52,2,3.7037037037037037,"5,15"
528,52,2,3.7037037037037037,"5,15"
529,52,2,3.7037037037037037,"5,15"
530,52,2,3.7037037037037037,"5,15"
531,52,2,3.7037037037037037,"5,15"
532,52,2,3.7037037037037037,"5,15"
533,52,2,3.7037037037037037,"5,15"
534,52,2,3.7037037037037037,"5,15"
535,52,2,3.7037037037037037,"5,15"
536,52,2,3.7037037037037037,"5,15"
537,52,2,3.7037037037037037,"5,15"
538,52,2,3.7037037037037037,"5,15"
539,52,2,3.7037037037037037,"5,15"
540,52,2,3.7037037037037037,"5,15"
541,52,2,3.7037037037037037,"5,15"
542,52,2,3.7037037037037037,"5,15"
543,52,2,3.7037037037037037,"5,15"
544,52,2,3.7037037037037037,"5,15"
545,46,8,14.814814814814815,"5,8,15,16,17,18,20,50"
546,46,8,14.814814814814815,"5,8,15,16,17,18,20,50"
547,46,8,14.814814814814815,"5,8,15,16,17,18,20,50"
548,46,8,14.814814814814815,"5,8,15,16,17,18,20,50"
549,46,8,14.814814814814815,"5,8,15,16,17,18,20,50"
550,46,8,14.814814814814815,"5,8,15,16,17,18,20,50"
551,46,8,14.814814814814815,"5,8,15,16,17,18,20,50"
552,46,8,14.814814814814815,"5,8,15,16,17,18,20,50"
553,46,8,14.814814814814815,"5,8,15,16,17,18,20,50"
554,46,8,14.814814814814815,"5,8,15,16,17,18,20,50"
555,46,8,14.814814814814815,"5,8,15,16,17,18,20,50"
556,46,8,14.814814814814815,"5,8,15,16,17,18,20,50"
557,46,8,14.814814814814815,"5,8,15,16,17,18,20,50"
558,46,8,14.814814814814815,"5,8,15,16,17,18,20,50"
559,46,8,14.814814814814815,"5,8,15,16,17,18,20,50"
560,46,8,14.814814814814815,"5,8,15,16,17,18,20,50"
561,46,8,14.814814814814815,"5,8,15,16,17,18,20,50"
562,46,8,14.814814814814815,"5,8,15,16,17,18,20,50"
563,46,8,14.814814814814815,"5,8,15,16,17,18,20,50"
564,46,8,14.814814814814815,"5,8,15,16,17,18,20,50"
565,46,8,14.814814814814815,"5,8,15,16,17,18,20,50"
566,46,8,14.814814814814815,"5,8,15,16,17,18,20,50"
567,46,8,14.814814814814815,"5,8,15,16,17,18,20,50"
568,46,8,14.814814814814815,"5,8,15,16,17,18,20,50"
569,46,8,14.814814814814815,"5,8,15,16,17,18,20,50"
570,46,8,14.814814814814815,"5,8,15,16,17,18,20,50"
571,46,8,14.814814814814815,"5,8,15,16,17,18,20,50"
572,46,8,14.814814814814815,"5,8,15,16,17,18,20,50"
573,46,8,14.814814814814815,"5,8,15,16,17,18,20,50"
574,46,8,14.814814814814815,"5,8,15,16,17,18,20,50"
575,46,8,14.814814814814815,"5,8,15,16,17,18,20,50"
576,46,8,14.814814814814815,"5,8,15,16,17,18,20,50"
577,46,8,14.814814814814815,"5,8,15,16,17,18,20,50"
578,46,8,14.814814814814815,"5,8,15,16,17,18,20,50"
579,46,8,14.814814814814815,"5,8,15,16,17,18,20,50"
580,46,8,14.814814814814815,"5,8,15,16,17,18,20,50"
581,46,8,14.814814814814815,"5,8,15,16,17,18,20,50"
582,46,8,14.814814814814815,"5,8,15,16,17,18,20,50"
583,46,8,14.814814814814815,"5,8,15,16,17,18,20,50"
584,46,8,14.814814814814815,"5,8,15,16,17,18,20,50"
585,46,8,14.814814814814815,"5,8,15,16,17,18,20,50"
586,46,8,14.814814814814815,"5,8,15,16,17,18,20,50"
587,46,8,14.814814814814815,"5,8,15,16,17,18,20,50"
588,46,8,14.814814814814815,"5,8,15,16,17,18,20,50"
589,46,8,14.814814814814815,"5,8,15,16,17,18,20,50"
590,46,8,14.814814814814815,"5,8,15,16,17,18,20,50"
591,46,8,14.814814814814815,"5,8,15,16,17,18,20,50"
592,46,8,14.814814814814815,"5,8,15,16,17,18,20,50"
593,49,5,9.25925925925926,"5,8,15,18,50"
594,49,5,9.25925925925926,"5,8,15,18,50"
595,49,5,9.25925925925926,"5,8,15,18,50"
596,49,5,9.25925925925926,"5,8,15,18,50"
597,49,5,9.25925925925926,"5,8,15,18,50"
598,49,5,9.25925925925926,"5,8,15,18,50"
599,49,5,9.25925925925926,"5,8,15,18,50"
600,49,5,9.25925925925926,"5,8,15,18,50"
601,49,5,9.25925925925926,"5,8,15,18,50"
602,49,5,9.25925925925926,"5,8,15,18,50"
603,49,5,9.25925925925926,"5,8,15,18,50"
604,49,5,9.25925925925926,"5,8,15,18,50"
605,49,5,9.25925925925926,"5,8,15,18,50"
606,49,5,9.25925925925926,"5,8,15,18,50"
607,49,5,9.25925925925926,"5,8,15,18,50"
608,50,4,7.407407407407407,"5,8,15,18"
609,50,4,7.407407407407407,"5,8,15,20"
610,50,4,7.407407407407407,"5,8,15,20"
611,49,5,9.25925925925926,"5,8,15,20,50"
612,49,5,9.25925925925926,"5,8,15,20,50"
613,49,5,9.25925925925926,"5,8,15,20,50"
614,49,5,9.25925925925926,"5,8,15,20,50"
615,49,5,9.25925925925926,"5,8,15,20,50"
616,49,5,9.25925925925926,"5,8,15,20,50"
617,49,5,9.25925925925926,"5,8,15,20,50"
618,49,5,9.25925925925926,"5,8,15,20,50"
619,49,5,9.25925925925926,"5,8,15,20,50"
620,49,5,9.25925925925926,"5,8,15,20,50"
621,49,5,9.25925925925926,"5,8,15,20,50"
622,49,5,9.25925925925926,"5,8,15,20,50"
623,49,5,9.25925925925926,"5,8,15,20,50"
624,49,5,9.25925925925926,"5,8,15,20,50"
625,49,5,9.25925925925926,"5,8,15,20,50"
626,49,5,9.25925925925926,"5,8,15,20,50"
627,49,5,9.25925925925926,"5,8,15,20,50"
628,49,5,9.25925925925926,"5,8,15,20,50"
629,49,5,9.25925925925926,"5,8,15,20,50"
630,49,5,9.25925925925926,"5,8,15,20,50"
631,49,5,9.25925925925926,"5,8,15,20,50"
632,49,5,9.25925925925926,"5,8,15,20,50"
633,49,5,9.25925925925926,"5,8,15,20,50"
634,49,5,9.25925925925926,"5,8,15,20,50"
635,49,5,9.25925925925926,"5,8,15,20,50"
636,49,5,9.25925925925926,"5,8,15,20,50"
637,49,5,9.25925925925926,"5,8,15,20,50"
638,49,5,9.25925925925926,"5,8,15,20,50"
639,49,5,9.25925925925926,"5,8,15,20,50"
640,49,5,9.25925925925926,"5,8,15,20,50"
641,49,5,9.25925925925926,"5,8,15,20,50"
642,49,5,9.25925925925926,"5,8,15,20,50"
643,49,5,9.25925925925926,"5,8,15,20,50"
644,49,5,9.25925925925926,"5,8,15,20,50"
645,49,5,9.25925925925926,"5,8,15,20,50"
646,49,5,9.25925925925926,"5,8,15,20,50"
647,49,5,9.25925925925926,"5,8,15,20,50"
648,49,5,9.25925925925926,"5,8,15,20,50"
649,49,5,9.25925925925926,"5,8,15,20,50"
650,49,5,9.25925925925926,"5,8,15,20,50"
651,49,5,9.25925925925926,"5,8,15,20,50"
652,49,5,9.25925925925926,"5,8,15,20,50"
653,49,5,9.25925925925926,"5,8,15,20,50"
654,49,5,9.25925925925926,"5,8,15,20,50"
655,49,5,9.25925925925926,"5,8,15,20,50"
656,49,5,9.25925925925926,"5,8,15,20,50"
657,49,5,9.25925925925926,"5,8,15,20,50"
658,49,5,9.25925925925926,"5,8,15,20,50"
659,49,5,9.25925925925926,"5,8,15,20,50"
660,49,5,9.25925925925926,"5,8,15,20,50"
661,49,5,9.25925925925926,"5,8,15,20,50"
662,49,5,9.25925925925926,"5,8,15,20,50"
663,49,5,9.25925925925926,"5,8,15,20,50"
664,49,5,9.25925925925926,"5,8,15,20,50"
665,49,5,9.25925925925926,"5,8,15,20,50"
666,49,5,9.25925925925926,"5,8,15,20,50"
667,49,5,9.25925925925926,"5,8,15,20,50"
668,49,5,9.25925925925926,"5,8,15,20,50"
669,49,5,9.25925925925926,"5,8,15,20,50"
670,49,5,9.25925925925926,"5,8,15,20,50"
671,49,5,9.25925925925926,"5,8,15,20,50"
672,49,5,9.25925925925926,"5,8,15,20,50"
673,49,5,9.25925925925926,"5,8,15,20,50"
674,49,5,9.25925925925926,"5,8,15,20,50"
675,49,5,9.25925925925926,"5,8,15,20,50"
676,49,5,9.25925925925926,"5,8,15,20,50"
677,49,5,9.25925925925926,"5,8,15,20,50"
678,49,5,9.25925925925926,"5,8,15,20,50"
679,49,5,9.25925925925926,"5,8,15,20,50"
680,49,5,9.25925925925926,"5,8,15,20,50"
681,49,5,9.25925925925926,"5,8,15,20,50"
682,49,5,9.25925925925926,"5,8,15,20,50"
683,49,5,9.25925925925926,"5,8,15,20,50"
684,49,5,9.25925925925926,"5,8,15,20,50"
685,49,5,9.25925925925926,"5,8,15,20,50"
686,49,5,9.25925925925926,"5,8,15,20,50"
687,49,5,9.25925925925926,"5,8,15,20,50"
688,49,5,9.25925925925926,"5,8,15,20,50"
689,49,5,9.25925925925926,"5,8,15,20,50"
690,49,5,9.25925925925926,"5,8,15,20,50"
691,49,5,9.25925925925926,"5,8,15,20,50"
692,49,5,9.25925925925926,"5,8,15,20,50"
693,49,5,9.25925925925926,"5,8,15,20,50"
694,49,5,9.25925925925926,"5,8,15,20,50"
695,49,5,9.25925925925926,"5,8,15,20,50"
696,49,5,9.25925925925926,"5,8,15,20,50"
697,49,5,9.25925925925926,"5,8,15,20,50"
698,49,5,9.25925925925926,"5,8,15,20,50"
699,49,5,9.25925925925926,"5,8,15,20,50"
700,49,5,9.25925925925926,"5,8,15,20,50"
701,49,5,9.25925925925926,"5,8,15,20,50"
702,49,5,9.25925925925926,"5,8,15,20,50"
703,49,5,9.25925925925926,"5,8,15,20,50"
704,49,5,9.25925925925926,"5,8,15,20,50"
705,49,5,9.25925925925926,"5,8,15,20,50"
706,49,5,9.25925925925926,"5,8,15,20,50"
707,49,5,9.25925925925926,"5,8,15,20,50"
708,49,5,9.25925925925926,"5,8,15,20,50"
709,49,5,9.25925925925926,"5,8,15,20,50"
710,49,5,9.25925925925926,"5,8,15,20,50"
711,49,5,9.25925925925926,"5,8,15,20,50"
712,49,5,9.25925925925926,"5,8,15,20,50"
713,49,5,9.25925925925926,"5,8,15,20,50"
714,49,5,9.25925925925926,"5,8,15,20,50"
715,49,5,9.25925925925926,"5,8,15,20,50"
716,49,5,9.25925925925926,"5,8,15,20,50"
717,49,5,9.25925925925926,"5,8,15,20,50"
718,49,5,9.25925925925926,"5,8,15,20,50"
719,49,5,9.25925925925926,"5,8,15,20,50"
720,49,5,9.25925925925926,"5,8,15,20,50"
721,49,5,9.25925925925926,"5,8,15,20,50"
722,49,5,9.25925925925926,"5,8,15,20,50"
723,49,5,9.25925925925926,"5,8,15,20,50"
724,49,5,9.25925925925926,"5,8,15,20,50"
725,49,5,9.25925925925926,"5,8,15,20,50"
726,49,5,9.25925925925926,"5,8,15,20,50"
727,49,5,9.25925925925926,"5,8,15,20,50"
728,49,5,9.25925925925926,"5,8,15,20,50"
729,49,5,9.25925925925926,"5,8,15,20,50"
730,49,5,9.25925925925926,"5,8,15,20,50"
731,49,5,9.25925925925926,"5,8,15,20,50"
732,49,5,9.25925925925926,"5,8,15,20,50"
733,49,5,9.25925925925926,"5,8,15,20,50"
734,49,5,9.25925925925926,"5,8,15,20,50"
735,49,5,9.25925925925926,"5,8,15,20,50"
736,49,5,9.25925925925926,"5,8,15,20,50"
737,49,5,9.25925925925926,"5,8,15,20,50"
738,49,5,9.25925925925926,"5,8,15,20,50"
739,49,5,9.25925925925926,"5,8,15,20,50"
740,49,5,9.25925925925926,"5,8,15,20,50"
741,49,5,9.25925925925926,"5,8,15,20,50"
742,49,5,9.25925925925926,"5,8,15,20,50"
743,49,5,9.25925925925926,"5,8,15,20,50"
744,49,5,9.25925925925926,"5,8,15,20,50"
745,49,5,9.25925925925926,"5,8,15,20,50"
746,49,5,9.25925925925926,"5,8,15,20,50"
747,49,5,9.25925925925926,"5,8,15,20,50"
748,49,5,9.25925925925926,"5,8,15,20,50"
749,49,5,9.25925925925926,"5,8,15,20,50"
750,49,5,9.25925925925926,"5,8,15,20,50"
751,49,5,9.25925925925926,"5,8,15,20,50"
752,49,5,9.25925925925926,"5,8,15,20,50"
753,49,5,9.25925925925926,"5,8,15,20,50"
754,49,5,9.25925925925926,"5,8,15,20,50"
755,49,5,9.25925925925926,"5,8,15,20,50"
756,49,5,9.25925925925926,"5,8,15,20,50"
757,49,5,9.25925925925926,"5,8,15,20,50"
758,49,5,9.25925925925926,"5,8,15,20,50"
759,49,5,9.25925925925926,"5,8,15,20,50"
760,49,5,9.25925925925926,"5,8,15,20,50"
761,49,5,9.25925925925926,"5,8,15,20,50"
762,49,5,9.25925925925926,"5,8,15,20,50"
763,49,5,9.25925925925926,"5,8,15,20,50"
764,49,5,9.25925925925926,"5,8,15,20,50"
765,49,5,9.25925925925926,"5,8,15,20,50"
766,49,5,9.25925925925926,"5,8,15,20,50"
767,49,5,9.25925925925926,"5,8,15,20,50"
768,49,5,9.25925925925926,"5,8,15,20,50"
769,49,5,9.25925925925926,"5,8,15,20,50"
770,49,5,9.25925925925926,"5,8,15,20,50"
771,49,5,9.25925925925926,"5,8,15,20,50"
772,49,5,9.25925925925926,"5,8,15,20,50"
773,49,5,9.25925925925926,"5,8,15,20,50"
774,49,5,9.25925925925926,"5,8,15,20,50"
775,49,5,9.25925925925926,"5,8,15,20,50"
776,49,5,9.25925925925926,"5,8,15,20,50"
777,49,5,9.25925925925926,"5,8,15,20,50"
778,49,5,9.25925925925926,"5,8,15,20,50"
779,49,5,9.25925925925926,"5,8,15,20,50"
780,49,5,9.25925925925926,"5,8,15,20,50"
781,49,5,9.25925925925926,"5,8,15,20,50"
782,49,5,9.25925925925926,"5,8,15,20,50"
783,49,5,9.25925925925926,"5,8,15,20,50"
784,49,5,9.25925925925926,"5,8,15,20,50"
785,49,5,9.25925925925926,"5,8,15,20,50"
786,49,5,9.25925925925926,"5,8,15,20,50"
787,49,5,9.25925925925926,"5,8,15,20,50"
788,49,5,9.25925925925926,"5,8,15,20,50"
789,49,5,9.25925925925926,"5,8,15,20,50"
790,49,5,9.25925925925926,"5,8,15,20,50"
791,49,5,9.25925925925926,"5,8,15,20,50"
792,49,5,9.25925925925926,"5,8,15,20,50"
793,49,5,9.25925925925926,"5,8,15,20,50"
794,49,5,9.25925925925926,"5,8,15,20,50"
795,49,5,9.25925925925926,"5,8,15,20,50"
796,49,5,9.25925925925926,"5,8,15,20,50"
797,49,5,9.25925925925926,"5,8,15,20,50"
798,48,6,11.11111111111111,"5,8,15,20,45,50"
799,43,11,20.37037037037037,"5,8,15,16,17,18,19,20,35,45,50"
800,43,11,20.37037037037037,"5,8,15,16,17,18,19,20,35,45,50"
801,43,11,20.37037037037037,"5,8,15,16,17,18,19,20,35,45,50"
802,43,11,20.37037037037037,"5,8,15,16,17,18,19,20,35,45,50"
803,43,11,20.37037037037037,"5,8,15,16,17,18,19,20,35,45,50"
804,43,11,20.37037037037037,"5,8,15,16,17,18,19,20,35,45,50"
805,43,11,20.37037037037037,"5,8,15,16,17,18,19,20,35,45,50"
806,43,11,20.37037037037037,"5,8,15,16,17,18,19,20,35,45,50"
807,43,11,20.37037037037037,"5,8,15,16,17,18,19,20,35,45,50"
808,39,15,27.77777777777778,"5,8,15,16,17,18,19,20,35,45,47,48,49,50,51"
809,43,11,20.37037037037037,"5,8,15,16,17,18,19,20,35,45,50"
810,40,14,25.925925925925927,"5,8,15,16,17,18,19,20,35,45,47,49,50,51"
811,43,11,20.37037037037037,"5,8,15,16,17,18,19,20,35,45,50"
812,43,11,20.37037037037037,"5,8,15,16,17,18,19,20,35,45,50"
813,43,11,20.37037037037037,"5,8,15,16,17,18,19,20,35,45,50"
814,42,12,22.22222222222222,"5,8,15,16,17,18,19,20,35,45,47,50"
815,43,11,20.37037037037037,"5,8,15,16,17,18,19,20,35,45,50"
816,43,11,20.37037037037037,"5,8,15,16,17,18,19,20,35,45,50"
817,42,12,22.22222222222222,"5,8,15,16,17,18,19,20,35,45,49,50"
818,43,11,20.37037037037037,"5,8,15,16,17,18,19,20,35,45,50"
819,43,11,20.37037037037037,"5,8,15,16,17,18,19,20,35,45,50"
820,42,12,22.22222222222222,"5,8,15,16,17,18,19,20,35,45,49,50"
821,43,11,20.37037037037037,"5,8,15,16,17,18,19,20,35,45,50"
822,43,11,20.37037037037037,"5,8,15,16,17,18,19,20,35,45,50"
823,43,11,20.37037037037037,"5,8,15,16,17,18,19,20,35,45,50"
824,43,11,20.37037037037037,"5,8,15,16,17,18,19,20,35,45,50"
825,43,11,20.37037037037037,"5,8,15,16,17,18,19,20,35,45,50"
826,43,11,20.37037037037037,"5,8,15,16,17,18,19,20,35,45,50"
827,43,11,20.37037037037037,"5,8,15,16,17,18,19,20,35,45,50"
828,43,11,20.37037037037037,"5,8,15,16,17,18,19,20,35,45,50"
829,43,11,20.37037037037037,"5,8,15,16,17,18,19,20,35,45,50"
830,43,11,20.37037037037037,"5,8,15,16,17,18,19,20,35,45,50"
831,43,11,20.37037037037037,"5,8,15,16,17,18,19,20,35,45,50"
832,43,11,20.37037037037037,"5,8,15,16,17,18,19,20,35,45,50"
833,45,9,16.666666666666668,"5,8,15,16,18,20,35,45,50"
834,45,9,16.666666666666668,"5,8,15,16,18,20,35,45,50"
835,47,7,12.962962962962964,"5,8,15,18,20,45,50"
836,48,6,11.11111111111111,"5,8,15,18,20,50"
837,48,6,11.11111111111111,"5,8,15,18,20,50"
838,46,8,14.814814814814815,"5,8,15,16,17,18,20,50"
839,46,8,14.814814814814815,"5,8,15,16,17,18,20,50"
840,45,9,16.666666666666668,"5,8,15,16,17,18,20,45,50"
841,46,8,14.814814814814815,"5,8,15,16,17,18,20,50"
842,46,8,14.814814814814815,"5,8,15,16,17,18,20,50"
843,47,7,12.962962962962964,"5,8,15,17,18,20,50"
844,47,7,12.962962962962964,"5,8,15,17,18,20,50"
845,46,8,14.814814814814815,"5,8,15,16,17,18,20,50"
846,47,7,12.962962962962964,"5,8,15,17,18,20,50"
847,47,7,12.962962962962964,"5,8,15,17,18,20,50"
848,47,7,12.962962962962964,"5,8,15,17,18,20,50"
849,47,7,12.962962962962964,"5,8,15,17,18,20,50"
850,47,7,12.962962962962964,"5,8,15,17,18,20,50"
851,47,7,12.962962962962964,"5,8,15,17,18,20,50"
852,47,7,12.962962962962964,"5,8,15,17,18,20,50"
853,47,7,12.962962962962964,"5,8,15,17,18,20,50"
854,47,7,12.962962962962964,"5,8,15,17,18,20,50"
855,46,8,14.814814814814815,"5,8,15,16,17,18,20,50"
856,46,8,14.814814814814815,"5,8,15,16,17,18,20,50"
857,48,6,11.11111111111111,"5,8,15,18,20,50"
858,48,6,11.11111111111111,"5,8,15,18,20,50"
859,46,8,14.814814814814815,"5,8,15,16,17,18,20,50"
860,46,8,14.814814814814815,"5,8,15,16,17,18,20,50"
861,48,6,11.11111111111111,"5,8,15,18,20,50"
862,46,8,14.814814814814815,"5,8,15,16,17,18,20,50"
863,46,8,14.814814814814815,"5,8,15,16,17,18,20,50"
864,46,8,14.814814814814815,"5,8,15,16,17,18,20,50"
865,48,6,11.11111111111111,"5,8,15,18,20,50"
866,48,6,11.11111111111111,"5,8,15,18,20,50"
867,48,6,11.11111111111111,"5,8,15,18,20,50"
868,48,6,11.11111111111111,"5,8,15,18,20,50"
869,48,6,11.11111111111111,"5,8,15,18,20,50"
870,48,6,11.11111111111111,"5,8,15,18,20,50"
871,48,6,11.11111111111111,"5,8,15,18,20,50"
872,48,6,11.11111111111111,"5,8,15,18,20,50"
873,48,6,11.11111111111111,"5,8,15,18,20,50"
874,48,6,11.11111111111111,"5,8,15,18,20,50"
875,48,6,11.11111111111111,"5,8,15,18,20,50"
876,48,6,11.11111111111111,"5,8,15,18,20,50"
877,48,6,11.11111111111111,"5,8,15,18,20,50"
878,48,6,11.11111111111111,"5,8,15,18,20,50"
879,48,6,11.11111111111111,"5,8,15,18,20,50"
880,48,6,11.11111111111111,"5,8,15,18,20,50"
881,48,6,11.11111111111111,"5,8,15,18,20,50"
882,48,6,11.11111111111111,"5,8,15,18,20,50"
883,48,6,11.11111111111111,"5,8,15,18,20,50"
884,48,6,11.11111111111111,"5,8,15,18,20,50"
885,48,6,11.11111111111111,"5,8,15,18,20,50"
886,48,6,11.11111111111111,"5,8,15,18,20,50"
887,47,7,12.962962962962964,"5,8,15,17,18,20,50"
888,48,6,11.11111111111111,"5,8,15,18,20,50"
889,48,6,11.11111111111111,"5,8,15,18,20,50"
890,48,6,11.11111111111111,"5,8,15,18,20,50"
891,47,7,12.962962962962964,"5,8,15,17,18,20,50"
892,47,7,12.962962962962964,"5,8,15,17,18,20,50"
893,48,6,11.11111111111111,"5,8,15,18,20,50"
894,48,6,11.11111111111111,"5,8,15,18,20,50"
895,48,6,11.11111111111111,"5,8,15,18,20,50"
896,48,6,11.11111111111111,"5,8,15,18,20,50"
897,48,6,11.11111111111111,"5,8,15,18,20,50"
898,48,6,11.11111111111111,"5,8,15,18,20,50"
899,48,6,11.11111111111111,"5,8,15,18,20,50"
900,48,6,11.11111111111111,"5,8,15,18,20,50"
901,48,6,11.11111111111111,"5,8,15,18,20,50"
902,48,6,11.11111111111111,"5,8,15,18,20,50"
903,48,6,11.11111111111111,"5,8,15,18,20,50"
904,48,6,11.11111111111111,"5,8,15,18,20,50"
905,48,6,11.11111111111111,"5,8,15,18,20,50"
906,48,6,11.11111111111111,"5,8,15,18,20,50"
907,47,7,12.962962962962964,"5,8,15,17,18,20,50"
908,47,7,12.962962962962964,"5,8,15,17,18,20,50"
909,47,7,12.962962962962964,"5,8,15,17,18,20,50"
910,48,6,11.11111111111111,"5,8,15,18,20,50"
911,48,6,11.11111111111111,"5,8,15,18,20,50"
912,48,6,11.11111111111111,"5,8,15,18,20,50"
913,48,6,11.11111111111111,"5,8,15,18,20,50"
914,48,6,11.11111111111111,"5,8,15,18,20,50"
915,48,6,11.11111111111111,"5,8,15,18,20,50"
916,48,6,11.11111111111111,"5,8,15,18,20,50"
917,48,6,11.11111111111111,"5,8,15,18,20,50"
918,48,6,11.11111111111111,"5,8,15,18,20,50"
919,48,6,11.11111111111111,"5,8,15,18,20,50"
920,47,7,12.962962962962964,"5,8,15,17,18,20,50"
921,47,7,12.962962962962964,"5,8,15,17,18,20,50"
922,47,7,12.962962962962964,"5,8,15,17,18,20,50"
923,47,7,12.962962962962964,"5,8,15,17,18,20,50"
924,48,6,11.11111111111111,"5,8,15,18,20,50"
925,47,7,12.962962962962964,"5,8,15,18,20,48,50"
926,45,9,16.666666666666668,"5,8,15,18,20,45,46,50,53"
927,47,7,12.962962962962964,"5,8,15,18,20,45,50"
928,48,6,11.11111111111111,"5,8,15,18,20,50"
929,47,7,12.962962962962964,"5,8,12,15,18,20,50"
930,48,6,11.11111111111111,"5,8,15,18,20,50"
931,45,9,16.666666666666668,"5,8,12,15,18,20,45,46,50"
932,48,6,11.11111111111111,"5,8,15,18,20,50"
933,43,11,20.37037037037037,"5,8,12,13,14,15,18,20,45,46,50"
934,47,7,12.962962962962964,"5,8,13,15,18,20,50"
935,43,11,20.37037037037037,"5,8,12,13,14,15,16,17,18,20,50"
936,42,12,22.22222222222222,"5,6,8,15,16,18,20,44,45,49,50,54"
937,45,9,16.666666666666668,"5,8,12,13,15,16,18,20,50"
938,47,7,12.962962962962964,"5,8,15,17,18,20,50"
939,48,6,11.11111111111111,"5,8,15,18,20,50"
940,48,6,11.11111111111111,"5,8,15,18,20,50"
941,48,6,11.11111111111111,"5,8,15,18,20,50"
942,48,6,11.11111111111111,"5,8,15,18,20,50"
943,48,6,11.11111111111111,"5,8,15,18,20,50"
944,48,6,11.11111111111111,"5,8,15,18,20,50"
945,48,6,11.11111111111111,"5,8,15,18,20,50"
946,48,6,11.11111111111111,"5,8,15,18,20,50"
947,48,6,11.11111111111111,"5,8,15,18,20,50"
948,48,6,11.11111111111111,"5,8,15,18,20,50"
949,47,7,12.962962962962964,"5,8,15,18,20,50,53"
950,48,6,11.11111111111111,"5,8,15,18,20,50"
951,48,6,11.11111111111111,"5,8,15,18,20,50"
952,48,6,11.11111111111111,"5,8,15,18,20,50"
953,48,6,11.11111111111111,"5,8,15,18,20,50"
954,48,6,11.11111111111111,"5,8,15,18,20,50"
955,48,6,11.11111111111111,"5,8,15,18,20,50"
956,48,6,11.11111111111111,"5,8,15,18,20,50"
957,48,6,11.11111111111111,"5,8,15,18,20,50"
958,48,6,11.11111111111111,"5,8,15,18,20,50"
959,48,6,11.11111111111111,"5,8,15,18,20,50"
960,48,6,11.11111111111111,"5,8,15,18,20,50"
961,48,6,11.11111111111111,"5,8,15,18,20,50"
962,48,6,11.11111111111111,"5,8,15,18,20,50"
963,48,6,11.11111111111111,"5,8,15,18,20,50"
964,48,6,11.11111111111111,"5,8,15,18,20,50"
965,48,6,11.11111111111111,"5,8,15,18,20,50"
966,48,6,11.11111111111111,"5,8,15,18,20,50"
967,48,6,11.11111111111111,"5,8,15,18,20,50"
968,48,6,11.11111111111111,"5,8,15,18,20,50"
969,48,6,11.11111111111111,"5,8,15,18,20,50"
970,48,6,11.11111111111111,"5,8,15,18,20,50"
971,48,6,11.11111111111111,"5,8,15,18,20,50"
972,48,6,11.11111111111111,"5,8,15,18,20,50"
973,48,6,11.11111111111111,"5,8,15,18,20,50"
974,48,6,11.11111111111111,"5,8,15,18,20,50"
975,48,6,11.11111111111111,"5,8,15,18,20,50"
976,48,6,11.11111111111111,"5,8,15,18,20,50"
977,48,6,11.11111111111111,"5,8,15,18,20,50"
978,48,6,11.11111111111111,"5,8,15,18,20,50"
979,48,6,11.11111111111111,"5,8,15,18,20,50"
980,48,6,11.11111111111111,"5,8,15,18,20,50"
981,48,6,11.11111111111111,"5,8,15,18,20,50"
982,48,6,11.11111111111111,"5,8,15,18,20,50"
983,47,7,12.962962962962964,"5,8,15,17,18,20,50"
984,48,6,11.11111111111111,"5,8,15,18,20,50"
985,48,6,11.11111111111111,"5,8,15,18,20,50"
986,48,6,11.11111111111111,"5,8,15,18,20,50"
987,48,6,11.11111111111111,"5,8,15,18,20,50"
988,48,6,11.11111111111111,"5,8,15,18,20,50"
989,48,6,11.11111111111111,"5,8,15,18,20,50"
990,48,6,11.11111111111111,"5,8,15,18,20,50"
991,48,6,11.11111111111111,"5,8,15,18,20,50"
992,48,6,11.11111111111111,"5,8,15,18,20,50"
993,48,6,11.11111111111111,"5,8,15,18,20,50"
994,48,6,11.11111111111111,"5,8,15,18,20,50"
995,48,6,11.11111111111111,"5,8,15,18,20,50"
996,48,6,11.11111111111111,"5,8,15,18,20,50"
997,48,6,11.11111111111111,"5,8,15,18,20,50"
998,48,6,11.11111111111111,"5,8,15,18,20,50"
999,48,6,11.11111111111111,"5,8,15,18,20,50"
1000,48,6,11.11111111111111,"5,8,15,18,20,50"
1001,48,6,11.11111111111111,"5,8,15,18,20,50"
1002,48,6,11.11111111111111,"5,8,15,18,20,50"
1003,48,6,11.11111111111111,"5,8,15,18,20,50"
1004,48,6,11.11111111111111,"5,8,15,18,20,50"
1005,48,6,11.11111111111111,"5,8,15,18,20,50"
1006,48,6,11.11111111111111,"5,8,15,18,20,50"
1007,48,6,11.11111111111111,"5,8,15,18,20,50"
1008,48,6,11.11111111111111,"5,8,15,18,20,50"
1009,48,6,11.11111111111111,"5,8,15,18,20,50"
1010,48,6,11.11111111111111,"5,8,15,18,20,50"
1011,48,6,11.11111111111111,"5,8,15,18,20,50"
1012,47,7,12.962962962962964,"5,8,15,17,18,20,50"
1013,48,6,11.11111111111111,"5,8,15,18,20,50"
1014,47,7,12.962962962962964,"5,8,15,17,18,20,50"
1015,48,6,11.11111111111111,"5,8,15,18,20,50"
1016,48,6,11.11111111111111,"5,8,15,18,20,50"
1017,47,7,12.962962962962964,"5,8,15,17,18,20,50"
1018,47,7,12.962962962962964,"5,8,15,17,18,20,50"
1019,47,7,12.962962962962964,"5,8,15,17,18,20,50"
1020,47,7,12.962962962962964,"5,8,15,17,18,20,50"
1021,48,6,11.11111111111111,"5,8,15,18,20,50"
1022,48,6,11.11111111111111,"5,8,15,18,20,50"
1023,48,6,11.11111111111111,"5,8,15,18,20,50"
1024,48,6,11.11111111111111,"5,8,15,18,20,50"
1025,48,6,11.11111111111111,"5,8,15,18,20,50"
1026,48,6,11.11111111111111,"5,8,15,18,20,50"
1027,48,6,11.11111111111111,"5,8,15,18,20,50"
1028,48,6,11.11111111111111,"5,8,15,18,20,50"
1029,48,6,11.11111111111111,"5,8,15,18,20,50"
1030,48,6,11.11111111111111,"5,8,15,18,20,50"
1031,48,6,11.11111111111111,"5,8,15,18,20,50"
1032,48,6,11.11111111111111,"5,8,15,18,20,50"
1033,48,6,11.11111111111111,"5,8,15,18,20,50"
1034,48,6,11.11111111111111,"5,8,15,18,20,50"
1035,48,6,11.11111111111111,"5,8,15,18,20,50"
1036,48,6,11.11111111111111,"5,8,15,18,20,50"
1037,48,6,11.11111111111111,"5,8,15,18,20,50"
1038,48,6,11.11111111111111,"5,8,15,18,20,50"
1039,48,6,11.11111111111111,"5,8,15,18,20,50"
1040,48,6,11.11111111111111,"5,8,15,18,20,50"
1041,48,6,11.11111111111111,"5,8,15,18,20,50"
1042,48,6,11.11111111111111,"5,8,15,18,20,50"
1043,48,6,11.11111111111111,"5,8,15,18,20,50"
1044,48,6,11.11111111111111,"5,8,15,18,20,50"
1045,48,6,11.11111111111111,"5,8,15,18,20,50"
1046,48,6,11.11111111111111,"5,8,15,18,20,50"
1047,48,6,11.11111111111111,"5,8,15,18,20,50"
1048,48,6,11.11111111111111,"5,8,15,18,20,50"
1049,48,6,11.11111111111111,"5,8,15,18,20,50"
1050,48,6,11.11111111111111,"5,8,15,18,20,50"
1051,48,6,11.11111111111111,"5,8,15,18,20,50"
1052,48,6,11.11111111111111,"5,8,15,18,20,50"
1053,48,6,11.11111111111111,"5,8,15,18,20,50"
1054,48,6,11.11111111111111,"5,8,15,18,20,50"
1055,48,6,11.11111111111111,"5,8,15,18,20,50"
1056,48,6,11.11111111111111,"5,8,15,18,20,50"
1057,48,6,11.11111111111111,"5,8,15,18,20,50"
1058,48,6,11.11111111111111,"5,8,15,18,20,50"
1059,47,7,12.962962962962964,"5,8,15,17,18,20,50"
1060,47,7,12.962962962962964,"5,8,15,17,18,20,50"
1061,47,7,12.962962962962964,"5,8,15,17,18,20,50"
1062,47,7,12.962962962962964,"5,8,15,17,18,20,50"
1063,47,7,12.962962962962964,"5,8,15,17,18,20,50"
1064,47,7,12.962962962962964,"5,8,15,17,18,20,50"
1065,47,7,12.962962962962964,"5,8,15,17,18,20,50"
1066,47,7,12.962962962962964,"5,8,15,17,18,20,50"
1067,47,7,12.962962962962964,"5,8,15,17,18,20,50"
1068,47,7,12.962962962962964,"5,8,15,17,18,20,50"
1069,47,7,12.962962962962964,"5,8,15,17,18,20,50"
1070,47,7,12.962962962962964,"5,8,15,17,18,20,50"
1071,47,7,12.962962962962964,"5,8,15,17,18,20,50"
1072,47,7,12.962962962962964,"5,8,15,17,18,20,50"
1073,47,7,12.962962962962964,"5,8,15,17,18,20,50"
1074,47,7,12.962962962962964,"5,8,15,17,18,20,50"
1075,47,7,12.962962962962964,"5,8,15,17,18,20,50"
1076,47,7,12.962962962962964,"5,8,15,17,18,20,50"
1077,47,7,12.962962962962964,"5,8,15,17,18,20,50"
1078,47,7,12.962962962962964,"5,8,15,17,18,20,50"
1079,47,7,12.962962962962964,"5,8,15,17,18,20,50"
1080,47,7,12.962962962962964,"5,8,15,17,18,20,50"
1081,47,7,12.962962962962964,"5,8,15,17,18,20,50"
1082,47,7,12.962962962962964,"5,8,15,17,18,20,50"
1083,47,7,12.962962962962964,"5,8,15,17,18,20,50"
1084,47,7,12.962962962962964,"5,8,15,17,18,20,50"
1085,47,7,12.962962962962964,"5,8,15,17,18,20,50"
1086,47,7,12.962962962962964,"5,8,15,17,18,20,50"
1087,47,7,12.962962962962964,"5,8,15,17,18,20,50"
1088,47,7,12.962962962962964,"5,8,15,17,18,20,50"
1089,47,7,12.962962962962964,"5,8,15,17,18,20,50"
1090,47,7,12.962962962962964,"5,8,15,17,18,20,50"
1091,47,7,12.962962962962964,"5,8,15,17,18,20,50"
1092,46,8,14.814814814814815,"5,8,15,16,17,18,20,50"
